{"AvgSeekTimes":6.3324971199035648,"AvgSeekTime":49.511871337890628,"ChargeStressVariance":7.324123382568359}