{"AvgSeekTimes":1.0,"AvgSeekTime":35.114933013916019,"ChargeStressVariance":6.391441345214844}